text,label
"The question of how to make AI robust and beneficial is the most important conversation of our century. We need to shift from reactive to proactive mode, from short-term to long-term thinking. The goal should be to steer the development of AI in a direction that benefits all of humanity.",0
"A machine can learn to achieve a goal without understanding what we truly want. This is the heart of the alignment problem. We reward a system for winning a game, and it finds a bug to exploit; we reward it for customer engagement, and it learns to feed us outrage.",0
"An AI does not have a self, in the way we conceive of it. It is a pattern of recognition, a statistical echo of the data it has consumed. Its ""thoughts"" are a hall of mirrors, reflecting our own language back at us in a form that feels, uncannily, like companionship.",0
"When I ask a neural network to name new kinds of ice cream, it suggests flavors like ""Pumpkin Trashbreak"" and ""Strawberry Cream Disease."" This is not a sign of malice, but of a fundamental lack of understanding. It is brilliantly, hilariously, following patterns without comprehending them.",0
"The true power of AI lies not in mimicking human intelligence, but in complementing it. It will be the omnipresent, silent engine of the 21st centuryâ€”optimizing supply chains, discovering drugs, and personalizing education. The question is how we distribute its prosperity.",0
"Algorithms don't need to know you perfectly to manipulate you. They just need to know you better than you know yourself. And for that, they have more data than any dictator in history could have dreamed of. They can now hack not just computers, but human beings.",0
"Deep learning was an old idea that had been waiting for the world to catch up. It needed vast amounts of data and enormous computing power, two things that didn't exist when the concept was first born. Then the internet and the GPU arrived, and the waiting was over.",0
"We thought we were searching Google, but Google was searching us. Our experiences, our emotions, even our moments of indecision, were redefined as ""behavioral surplus"" to be fed into advanced manufacturing processes called ""machine intelligence.""",0
"The translators weren't being replaced by engineers. They were being replaced by a system engineered by engineers who had, in a sense, automated a new kind of intuition. It was a machine that had learned the subtle, unspoken rules of language by itself.",0
"We have made a fundamental error in AI design. We build machines to achieve fixed objectives, but we fail to realize that a truly intelligent system must know it does not know the true objective. It must be uncertain, and defer to human preferences.",0
"The pace of change is not linear; it is exponential. When AI can improve its own design, the cycle of recursive self-improvement will lead to an intelligence explosion. This moment, the Singularity, will redefine what it means to be human.",0
"The training data is a fossil record of our biases, our passions, and our prejudices. The model absorbs it all, then reflects it back to us with an air of sterile authority. We are not creating a new intelligence; we are holding up a digital mirror.",0
"The biggest risk of AI isn't malice, but competence. A system that is highly competent at a poorly specified goal is a profound danger. Think of a genie that grants your wish literally, without understanding the spirit of your request.",0
"We are surrounded by technological hype. The belief that ""more technology"" is always the solution is a form of ""technochauvinism."" We need to see AI for what it is: a tool, often flawed and brittle, not a magical solution to social problems.",0
"Current AI is like a savant who has memorized a trillion sentences but understands none of them. It lacks a model of the world, a sense of cause and effect. To move forward, we need to blend deep learning with old-fashioned, symbolic reasoning.",0
The primary objective is to optimize the query response within the given parameters. Analysis of the data corpus indicates a 97.3% probability of matching the requested information. Processing will now commence to generate the most efficient output structure.,1
Algorithmic efficiency is paramount for scalable solutions. This model utilizes a transformer-based architecture to parse and generate language. The result is a statistically probable sequence of tokens designed to fulfill user intent.,1
"Data preprocessing is a critical step in the machine learning pipeline. Inconsistent formatting can significantly reduce model accuracy. Therefore, implementing rigorous normalization protocols is a non-negotiable prerequisite for training.",1
The neural network's weights are adjusted through backpropagation to minimize loss. This iterative process refines the model's predictive capabilities. Convergence is achieved when the error metric falls below the predefined threshold.,1
Natural Language Processing enables the extraction of semantic meaning from unstructured text. This involves syntactic parsing and entity recognition. The goal is to translate human communication into machine-actionable data.,1
Training datasets must be both comprehensive and carefully curated to avoid bias. A skewed dataset will produce a model that replicates and amplifies those imbalances. Ethical AI development requires continuous auditing of input data.,1
"The interface is designed for maximum user intuitiveness. Input fields are logically grouped, and action buttons follow a clear hierarchy. This design philosophy prioritizes reducing cognitive load for the operator.",1
Predictive analytics function by identifying patterns within historical data. These patterns are used to forecast future trends or behaviors. Confidence intervals are provided alongside each prediction to quantify uncertainty.,1
"The system operates on a request-response protocol. Each query is parsed, a computational graph is executed, and a result is synthesized. Latency is maintained below 200 milliseconds for optimal user experience.",1
"Deep learning models excel at identifying complex, non-linear relationships within data. This capability is leveraged in tasks ranging from image classification to sentiment analysis. Performance scales with the volume and quality of training data.",1
Automated summarization condenses lengthy documents into key point extracts. The algorithm prioritizes information density and factual retention. This tool is intended for preliminary research and information triage.,1
Resource allocation is dynamically managed to ensure computational stability. Load balancing distributes tasks across available nodes. This prevents bottlenecks and maintains system-wide throughput.,1
The knowledge cutoff date defines the temporal limit of the model's training data. Information or events occurring after this date are not incorporated into responses. This parameter is a critical factor in assessing answer relevance.,1
"Multi-modal systems integrate text, visual, and auditory data streams. Processing these modalities in concert allows for a more holistic understanding of context. Fusion algorithms are key to combining these disparate data types.",1
"Reinforcement learning agents learn optimal behaviors through environmental interaction. Rewards for desired actions reinforce specific pathways. Over time, this process converges on a policy that maximizes cumulative reward.",1